"","KO.P2.1","KO.P2.2","KO.P2.3","KO.P2.4","WT.P2.1","WT.P2.2","WT.P2.3","WT.P2.4","KO.P10.1","KO.P10.2","KO.P10.3","KO.P10.4","WT.P10.1","WT.P10.2","WT.P10.3","WT.P10.4","KO.2.1","KO.2.2","KO.2.3","KO.2.4","WT.2.1","WT.2.2","WT.2.3","WT.2.4"
"Tcta",7.10845638200237,7.2043461173638,7.18785722260045,7.06797269319648,7.42378185284083,7.39277402526262,7.2956641153727,7.39949232365645,8.06769194528109,7.73108059666252,7.85211219743589,7.75917803300667,7.70787431344726,7.69012315035088,7.51977777483103,7.68092480728762,8.67159848924187,8.38506283596653,8.73262240146529,8.87529043043702,7.89980750816875,7.81153964176162,7.7165021786212,7.83060276752807
"Gldc",8.95513774873607,8.99225702198117,8.7767250107766,8.95891481422761,8.93274285882345,9.04310733663309,9.08970337361966,9.20506453560615,6.60443828931543,6.65984083926809,6.63906668299302,6.52668040591718,7.71180488334061,7.61825083942844,7.58747388774991,8.07731469168548,6.77612331792418,6.63263625605784,6.52128152841943,6.83927149384607,6.30078150885111,6.45928382645111,6.4344027291789,6.73311817173545
"Sptssa",8.52600080808081,8.48789547377292,8.2583070680495,8.57627690253643,8.01433161408299,8.24847062877816,8.00321432944133,8.31526867216103,8.53970370062654,8.6950122779825,8.53201342359873,8.59564429638695,7.44470301723383,7.19688698875676,7.37180479768736,7.55268524131107,8.52556833453261,8.46665382524504,8.18300517999688,8.72874926397858,6.94054784030421,7.23284583252429,7.22443332638112,7.24782851497775
"Txndc5",7.68775923754926,7.62906665035618,7.71645504887915,7.69930867977576,7.70550766621734,7.85354312272767,7.77589260271992,7.84882673181174,8.54362056269169,8.53534079320947,8.71471090149022,8.39196832747224,8.2724088345496,8.31344209801964,8.146328992084,8.48891847753822,9.31281612585148,9.20683801256761,9.36306913424396,9.39339941809944,7.88234842864974,7.90721292980845,7.75543477323424,7.87579377726227
"Ssr1",7.52006915400844,7.78264091762985,7.41033307625332,7.72509566515478,6.59136806826026,6.45744280055415,6.49668888821433,6.19287829409929,7.37461825445079,7.07643376858769,7.14674026721569,7.29769676700044,6.16471864706494,6.16565986853,6.23506757259579,5.95657718796611,7.0630503112215,6.77543138453327,6.85083400828976,7.03012651326288,6.0652540893388,5.89355739896068,5.93900862939005,5.74838237966415
"Mylk",7.27597269882648,7.61041602425106,7.43148483721792,7.47098940159391,7.57632294008839,7.03940007156502,7.40233246782852,7.24309754218994,9.39969966558063,9.81408563071063,9.4574167262102,9.5419736963206,8.50883670744596,8.39343563308888,8.40105568964888,8.31795919352003,9.92142306404152,10.0770878343507,9.856944625506,10.0738746305387,8.41806955379968,8.50846984102651,8.60492617109405,8.40856927645504
"Glo1",9.46560979241936,9.17774163490849,9.31651578106453,9.42612254613512,9.35509029457103,9.20027528800781,9.41305072595178,9.43110043879534,10.6639681982262,10.7130864406325,10.7614375320101,10.8496071772047,10.3629416600308,10.1815187078405,10.1462677291275,10.3228618056055,10.7135865025171,10.642948554202,10.5771251939891,10.8768191540607,9.50334860007724,9.55433012636549,9.62889737139741,9.68996640245583
"Abca1",4.34306950772809,4.3759262065721,4.30735783284739,4.6239495811329,4.58212424712164,4.64388053118153,4.80296878949548,4.65867694823829,7.10886838010363,7.71045142598311,7.09375114653401,7.33286676025307,6.46339582847003,6.32746437211925,6.44663240723745,6.6389590317972,6.42548500159324,6.57778974061405,6.40366195905799,6.90110287692214,5.3620883374965,5.69238155499251,5.89764863492657,5.64875994393915
"Abca4",6.65104922676976,6.61627303046957,6.82817764111268,6.87953671080595,7.057165982278,7.24970377329149,7.4041035611123,7.33200742136131,8.0574134494484,8.35711590873245,8.43458317717708,8.43203485731347,9.80271961824065,9.68303096279061,9.90740039953216,9.78634325936677,9.77482925366749,9.50432515062638,9.80662612062891,9.76372481889153,10.8354541416331,10.8210659202092,10.8159168653491,11.0265252261016
"Adrb1",6.25827786263335,6.5591745965882,6.54227772757871,6.36087619333552,6.30062358690298,6.23139860953107,6.10708688694996,6.07967621972497,8.88440998239547,9.0015783374643,8.83964410920316,8.74702917398496,6.81763293881704,6.70480251572755,6.70580548223126,6.67693158393829,9.42184008168431,9.46364490354443,9.07243379623564,9.34299275759802,7.16897816167519,7.26059955173455,7.19298698851102,6.81816712961622
"Alpl",6.20186712161942,5.86417652111214,6.00444970397013,6.17227048329732,5.92321290644062,6.0651991501801,6.1811136148283,5.92679507040096,6.29538824181441,6.34847879011102,6.60938253493116,6.38901047345144,8.29186920168094,8.09631836377778,7.91939263499148,8.03994299698235,7.55590525735848,7.42274225507823,7.4747216969257,7.60153636343763,9.2992973859474,9.27663143015808,8.94178157239734,9.31222990724252
"Pip4k2c",6.6451927679531,6.4578851503011,6.55380229529471,6.53735371953398,6.57372137427498,6.73437480756635,6.57640647169952,6.72715194956882,7.02762231451105,6.91414950478254,6.96807028870636,6.88128012117335,8.00680151637168,7.88727424806062,7.80098707570896,7.93327076858086,7.26188296123855,7.23486283793919,7.20248135496604,7.29894783242462,8.45738170566064,8.44767881169753,8.17329735925583,8.65673162668067
"Anp32a",7.89691880861493,7.49195230803637,7.06286631453513,7.28772686455241,6.40118923832217,7.15849819415089,6.61280398364106,6.56810675085757,7.31462536901937,6.77747038885872,6.99820799352482,6.83484519761161,6.9529147275318,6.3545904991646,6.6219423019398,6.57291964997083,7.0502306801901,6.47899081885028,6.82484170849372,7.84665196363509,7.05971977859975,7.49172165411069,7.86086516889194,6.84966507144681
"Apoe",9.11428644669902,8.64787098333939,8.97485422471848,9.13038879652395,8.96916055095708,9.21611856469711,9.21798289740999,9.33678182218071,11.5390018457464,11.5706895219739,11.5758147158339,11.6852704849525,10.435804624596,10.3841661736392,10.3961024948842,10.4887259858151,11.3445507428205,11.3150017704187,11.3410747782244,11.515848981175,10.4987004982787,10.5301210611812,10.6064949283449,10.8069700384297
"Aqp1",4.91803040468952,5.45518685075631,5.39726605906294,5.34914846192395,5.57775364962463,5.34434916558544,5.30229251307015,5.40792938188005,5.31685466013408,5.61767305504215,5.58816656347139,5.65324252628881,6.1100746393397,6.13486773977859,6.05846022242291,5.68373826396184,5.51298807273048,5.66652934762974,5.49466790526028,5.40585020191982,8.43452505641077,8.62939831816379,8.49839196581754,8.84434154542527
"Atp1b2",6.08716833307239,6.89139072917884,6.97258566163291,6.27756279805557,7.10863826329962,6.9559253889339,6.66584981116809,5.8352143308425,7.92409663244144,7.97950404968659,8.04437271627801,7.9131257291642,8.7177785773324,8.03904395440691,8.08044494221655,8.18244536295418,8.99258615548731,9.07520848730985,8.41313588579713,8.88809809526901,8.31246132205994,8.19825664905774,7.85514640416968,7.81025730207058
"Opn1sw",8.57836660704311,8.54561589292002,8.72712243577179,8.72136910414826,8.00512224979932,8.71301038584527,7.87964153101778,8.48254465960739,11.8231452124123,12.0298684018773,11.8351998274818,12.028873953133,9.03868900203013,8.77634618774094,8.78815789581668,8.75326545480327,12.75144942725,12.8306072276085,12.792769869127,12.8192445999347,9.77988448230569,9.48981216013663,9.37900617499614,9.57351872164091
"Fabp7",10.3364172326666,10.0528946325798,9.8170728571265,10.4436781749371,9.8569982748981,10.0878395928153,9.9785372609618,10.0314718012252,9.7708995358601,9.90324141425694,9.63621518677079,9.83613084716195,7.82981242105207,7.77275863640808,8.01258972289575,8.4075996682076,8.44339125271665,8.36294183795084,8.3299974811517,8.80774880607115,5.83870587950724,5.48454655255409,5.27764477898656,5.57731484318179
"Prdm1",7.98505466419745,7.80570107341062,7.6326650011873,7.71279439501153,7.56760584785339,7.89053390687755,7.44905715133129,7.60410636213961,7.55672226135175,7.35304965792946,7.37475684499819,7.45052627213691,6.83208038175944,6.75463934007088,6.83351982068482,7.26142661011505,6.99358533353701,6.76524865225545,6.88915282698791,7.05541504267425,5.61997293188975,5.31747795559676,5.28340156392054,5.46672456622736
"Zfp36l2",9.36654990878905,9.52836594874882,9.17626337353041,9.29356058858093,8.71298252785755,9.08668141053574,8.73245216152636,8.89442774440461,7.44587249602824,7.13914346996309,7.41574328348853,7.26653327163513,8.43327860833218,8.08931046413787,8.20918834793544,8.48447568717759,7.30998842508165,7.17444166269095,7.32485362017068,7.39190604444056,8.99642986346069,9.48596473414637,9.04412786807845,9.29760813317597
"Cacna2d3",6.48060054893811,6.21781490062611,6.23915944289151,6.19663947104652,6.18557450106727,6.08712359468138,6.42175715964975,6.41317168972814,7.3001955470556,7.31598995645713,7.3651868404122,7.31590707847703,7.49739591593792,7.18805289871025,7.25191799787809,7.32013827044783,8.18303350134906,8.05619464750725,8.17977359900167,8.32107655073026,9.18625807630483,9.16162020981566,9.21719262712999,9.40170735808041
"Cacnb2",5.37168977880252,5.28907615598102,5.13501072393349,5.00924490063385,5.2256326969669,4.72825319700731,5.1986431340711,5.26420002367029,6.02958687956429,5.83502960479042,5.82380007404658,5.62701725508363,7.47185974110453,6.86836688888852,6.94979462413828,6.9858254241624,7.05044962515571,6.81829751072125,6.74989381434504,6.93050957932453,7.95690804384125,7.69013204881551,7.58888431237993,7.90242724402482
"Camk2b",7.58743476709884,7.45520482630064,7.69935464055935,7.58590864778552,7.5998988867299,7.51122479426729,7.465262940896,7.6956844333838,9.71925195371621,9.91237254604126,9.93096851533049,9.88360433603792,8.62511036245691,8.56926805395275,8.62310904877336,8.78578080748791,10.1004055088444,10.1633377587023,10.109910734543,10.4255344221719,8.41436761225573,8.63300380979165,8.53407074829122,8.62997453189768
"Casp7",6.50935805385719,6.85973442479148,6.61861327963628,6.88757323586653,6.67568763393721,6.68801385419261,6.52996399397195,6.63857094084016,7.73284995386259,7.76747657908135,7.69395559177996,7.51348696899093,6.9600284450038,6.88296926188223,6.77517895397469,6.74775764391616,9.94359801718176,9.98542206203525,9.75868198360464,10.0800525869428,7.37178336153263,7.14924139939056,7.07523743849421,7.38962435477342
"Cckbr",7.29833359625346,7.16318411301513,7.20417503705324,7.22400236471576,7.30933989870764,7.06358315412519,7.07883824789094,7.15072744140451,8.09710553440434,8.10687859790126,7.99402566452631,8.05139392860071,7.36904947991154,7.64876531453785,7.60105922238733,7.45869825026177,8.84654857595469,8.70941424450961,8.68218279077473,8.65728200431197,7.58885197545245,7.46794809023269,7.45506061411071,7.36981336567693
"Cdr2",4.89734809038466,5.15274060069251,5.12421549596628,5.34615202413572,5.12655616267627,5.1501578257631,5.29091524481145,5.35199872079492,4.65489729225456,4.29056833680637,4.37433500862705,4.50236076170287,6.4075251205087,6.20476707612304,6.07424800699643,6.11502888478569,5.69624373897799,5.50215615693992,5.47072205140568,6.08292459870413,8.09786174955943,8.2449362382441,8.3977041217543,8.52603374468029
"Cebpd",5.33254811743491,4.55013198244904,4.34052847792664,4.62713967014228,4.62163045676036,4.56230393757139,4.76632420870482,4.62336854391455,5.77804827186198,5.43101196988428,5.5013028453729,5.36110939759973,5.0881014196072,5.47874787436757,5.21839389505123,5.44288180598174,7.74576772540008,7.50127401550968,6.96420452973418,7.68424127196398,5.94226547433514,6.46796096604151,6.3473122505853,6.4570594825348
"Socs3",5.73259179141423,5.88779952650951,5.68428026337322,5.82335514328021,5.724451104575,5.47138419413827,5.51424390601649,5.58359172132706,5.99057970179262,5.84830700026633,5.88807846499238,5.90435476413821,4.78192474704636,5.22728777935122,5.4498855962534,5.04174509577419,6.70439570651523,6.60115495215553,6.51886296495348,6.81792342877535,5.34299777622107,5.01686148291362,5.33484035826957,5.30572773242382
"Cited1",6.38154042645419,6.63006747111389,6.58667328418932,6.67743589207704,6.49573846193595,6.35962057399887,6.3856723310619,6.56511168443975,7.76711358050862,7.77944209533387,7.90590818609918,7.57439106898028,6.36705423937718,6.42586988806306,6.4435216345198,6.63796356317865,6.84399869602373,6.96387936231297,6.90608175576006,6.97890360167883,6.32589710188901,6.54786055617648,6.04494345637114,6.07733359634833
"Clu",6.27269004552347,6.00879916239663,6.20357043458545,6.15903488733693,6.23771007118972,6.4765298598328,6.21183954617264,6.39445402593739,7.78536159497068,7.70093082895837,7.88562323515771,7.71601858044726,8.23421928032289,8.0973822264482,8.06959025124635,7.88158991557418,10.7473870078202,10.3874858851362,10.3592039383147,10.4955240527124,9.82690692770931,9.75054776711785,9.53423180100968,9.92501424218607
"Cnga1",3.95155880142715,4.01911640475845,4.22194568361987,4.05519761965467,4.02133769342137,3.96503099884745,4.15704464351081,4.19929510316968,3.8617124141876,3.99204412725446,4.01769440946297,3.90298795705902,7.12015352283892,7.49378893445264,7.13617522080679,6.98691533971121,3.9400512722219,4.18845656886568,4.15728384236912,3.80121580664081,8.19732513662201,7.96030441949821,8.36599043820135,8.2885647061832
"Cnga3",5.46030634207644,5.64634322742321,5.96725478795966,5.74006352495307,5.7769146508324,6.05135558766353,5.7522203719341,5.59341576089537,7.16889893870121,6.93150633377124,7.15095125289241,6.89657353789209,5.80721739581394,5.77623541038286,5.68417867766465,5.84729813872658,7.54709547952281,7.33029389983524,7.04275073607421,7.33532236715853,5.98869249792985,5.9191749415806,5.85178513426316,5.70828058630206
"Col4a1",7.95388071634932,7.8370180060764,7.84337303956049,7.98403030085222,6.75172104763815,7.32609906070263,6.77427294572693,6.97567475970755,7.98135201738472,7.76049723727023,7.74355390183313,7.91735857204716,7.8989923646049,7.9372894004522,7.75632583922685,8.04407826325064,6.95688415997004,6.95116750752907,6.89871336747074,7.14846543582308,6.89993852548299,7.04784386926106,7.03235108421406,7.07335462675426
"Cryaa",5.99495545333061,6.86723437330806,9.84253638036216,7.68435297260043,8.48772659681481,6.67457472563967,6.9393210228689,6.6938129818686,7.93256094723947,8.14493397758883,7.08604869454818,7.10796493037547,7.44534850181289,6.85919207150933,6.83120558447066,6.56423249956751,6.99312507436188,7.96623157608208,8.18097305582487,8.19944468529009,8.64946389419656,8.99684875387464,9.21153114894809,9.24760152748635
"Cryba1",5.93606369151611,5.47928863197304,9.44603068875434,7.16600243928351,7.50897751136373,5.60920086893527,6.00210363500387,5.58082526487561,7.49782582008961,7.69941199326082,6.143517098658,6.20882436242945,6.65651100597107,5.67801382202372,5.66352067358546,5.54310604759906,5.87158302842901,6.99074812034726,7.51224340496984,7.4170293626314,8.02619570093969,8.29682861425396,8.61658633374773,8.61047276868326
"Crybb2",5.44527985214745,5.84094965512528,6.30149437373901,5.80463217249077,5.89946623977954,5.98017244271919,5.74305515948273,5.86980000730004,6.09281084142631,6.16824203873351,6.29021199705659,6.17331164631853,6.17697348129322,5.87982946422533,6.09637647921111,5.95888257219676,6.12510061732491,6.99172929324282,7.14484030156127,7.33910885480738,7.97609583325008,8.34866791740612,8.8764718446581,8.74752059866941
"Crygb",3.54573052803953,3.75777246478515,6.42851650910598,5.54716636160121,5.94038827244235,3.43797536557816,3.63950620607292,3.61248007741513,5.54764196647673,6.91610628325023,3.85912575875797,4.15991606416394,4.52673404995637,3.70980892841004,3.9001648620596,3.63160301892898,3.78341092762154,4.04609750223929,4.26636341204607,4.29452979909642,5.37929705011041,5.41635873414488,6.67199966785622,6.75304779778584
"Crygc",4.65507845018507,5.0361280673885,7.32878881347258,6.53123916113511,6.96825920349311,5.21252323502765,5.02562619562596,5.16631202561941,6.41067891515415,7.51106841806549,5.18053300106805,5.39816484678258,5.79541611735414,5.34024398193245,5.20868424359348,4.88442781633776,5.02973846931435,5.52934821416211,5.90491933136214,5.77350636111114,6.97917029141846,6.83403131900313,7.95396370433793,7.98776736487415
"Crygd",6.43227740963998,6.45671466685126,9.88149585872191,8.89277753815776,9.10902619716505,6.15989172819007,6.49522649364586,6.27673989327035,8.80528329658787,9.77030974243057,6.52017120220941,6.92262180801468,8.04204160640671,6.23932128783018,6.35528812975273,6.33927300161986,6.35530432583374,6.72479005497539,6.96588947150388,6.75927571375764,8.06110947615558,7.75475456156726,8.85243965296095,8.89102514486124
"Cryge",6.73427009139532,6.81392247404596,10.6277352278226,9.37158880665776,9.76617183555303,6.66549182204737,6.89212179103929,6.72627464306252,9.23145026016752,10.189309482685,6.91132174534795,7.43971581497511,8.00694549356824,6.79696431216911,7.073190090378,6.67233838845318,6.5681880174401,7.01192518679307,7.25247711876283,6.98599027006048,8.49208835923079,8.24624325975132,9.31353037592057,9.26485604774066
"Crygs",5.16919454288245,5.59339979035831,7.05436162061277,5.63665109941205,6.00017891464267,5.31400360174209,5.48999143393532,5.62091939093306,6.10292866922974,6.34696611938599,5.897829061384,5.89517278347281,6.02734421411167,5.72028856390449,5.62219558077679,5.48745429544932,5.78865043880375,6.99784590489473,7.17902064370394,7.42844275404471,7.61546184814795,8.23751750912365,8.71657502092455,8.63208801725711
"Crym",8.24775318734265,8.12955090908401,8.25841267009219,8.26624658893587,8.13023804323403,8.3325637310602,8.10443544331146,8.3599565068136,9.05699113896891,8.82650171779846,9.17320223867213,9.02890779397061,8.77805340006773,8.50260709591048,8.50014894608588,9.05819592442114,7.57201173516856,7.36111545164895,7.35938134776438,7.60180333851674,6.27824595468029,6.44084666139532,6.40626974713688,6.71862494031359
"Gadd45a",8.20617480873646,8.02580945925902,8.02980919410951,8.00485541871494,7.82530909345999,7.96069115266018,7.85196289473229,8.00458963633742,6.62208009353739,6.5445368504934,6.72480074356839,6.4878361176366,7.89069786777581,7.6852726611378,7.55589689794678,7.74485142847225,6.6502097452534,6.29888223314602,6.40088605460374,6.70785462239409,7.83548374166895,7.7019576183807,7.58579070278458,7.91339380657081
"Doc2b",5.35694034351704,5.50749942956239,5.50244832221778,5.45243447173553,5.49132695299261,5.48688604958762,5.36401413877488,5.38714969736356,6.8398738615908,6.73311313648823,6.7639834562364,6.78928573810169,7.01315178556648,6.72843040545161,6.64720666955324,7.03610862957044,7.37876031469184,7.08304037556135,7.02791030141132,7.38464105646185,6.2457162564756,6.29670394436916,6.0652649768939,6.34855410971806
"Drd4",5.94376255429757,6.44935365149756,6.33821531227253,6.30475073368525,6.52185333299636,6.38351930430903,6.61759453671125,6.49050975254984,7.01042012832564,6.97342774294093,6.96990852963672,6.91093233733999,9.71960151598945,9.52751796681404,9.29614858761855,8.17883165655464,8.82939445607479,8.55906572468171,8.93200318200376,9.09854096028159,10.0221683288551,10.2352095980977,10.1575621051463,10.1158632012512
"Epha8",7.11527361737487,7.38448115595631,7.4805000694857,7.48580536915745,7.35566870705042,7.40991284960269,7.39437352705271,7.57323351417332,7.71361388893185,7.80762212532216,7.74789168236901,7.778810870018,6.2269354785793,6.44308363073872,6.44192024179896,6.18942009580053,6.52108228211805,6.45546355973978,6.75786395643425,6.78989085082603,6.35546412558463,6.3344803422234,6.34757766806013,6.28687706518678
"Fos",2.92629519110778,2.91258663633835,3.15558832884812,2.88356427100624,2.65678854098486,2.80435678787156,2.89901595781885,3.13411800244904,4.40169800595012,4.55673088895233,4.34884083928015,4.9140919083802,4.06141072378592,4.25403014608855,3.88222527312741,4.12149484262141,5.94599038576302,5.9013035075627,6.23096491936809,7.17219028267118,7.07653425751759,7.40665464600037,7.54811043930381,7.33333944011683
"Gas2",4.760830342889,5.66315531048055,5.20083961330424,5.5418038117045,5.1241679673084,4.95568918509127,4.87057104561952,5.074556001557,7.97963409467813,8.58024642401369,7.55349953843845,7.72579934397271,4.17423139334246,4.51331903449045,4.37853294375799,4.01668565105615,5.4112487754711,6.14218816685547,5.1728464295062,5.65740544779087,4.45673785372781,4.77175166998064,4.68605788510195,4.56841174344983
"Gas5",9.52824876307884,8.96967338736301,8.85638244160102,9.31244499547038,9.25025723015906,9.42840736788788,9.37083121253676,9.45059699220734,7.74559537909029,8.59445330823927,7.84188908674871,7.83363716464758,9.0812562870308,8.84597290498375,9.01129887503902,9.34583594782625,6.53068313856369,6.73547549629245,6.39796925704202,6.5225898560185,9.08126103157852,9.30600988152865,9.28378433851336,9.34501134201116
"Opn1mw",5.8972269426252,6.07070475043642,6.35958550904465,6.03364884250748,6.52903254104569,6.08374273343596,6.23922410690781,5.961636386407,6.58487108071169,6.07525224199828,6.22502164018802,6.13937123189859,7.69574390924112,7.25841340120047,7.07852282680968,6.87971001708911,8.81413606208276,8.93928548219399,9.52727461923985,9.64313576886603,8.81292600156963,8.74117425708689,8.62078911153598,8.97374715694081
"Gem",4.38860927072297,4.35445554156039,4.13984449447466,4.32916967546886,4.03328718155773,4.10996210753579,3.7240318016245,4.23808698302706,5.39247264625797,5.53787566287191,5.22704925335978,5.29738202569654,4.76856214338483,4.74041150223793,4.85472218916154,4.69998630546508,6.72786508980474,6.32721170765151,6.37890065489024,6.90725882773147,5.01628049235469,4.94124971505123,5.09667443147221,5.11142176173476
"Gnat1",3.72571854505,3.53540788241464,3.89196114195893,3.4427585921808,3.6910933842541,3.62872369836371,4.65644075749448,3.8837011259849,4.49026835925246,3.46544638257819,3.65453691352658,3.5529225028422,10.6725850074069,10.1825214314106,10.3844974554651,9.43099250390467,5.91335359725517,3.61717017050419,3.84004140340171,3.7545139557197,12.3944125308874,12.5132080319381,12.3582592824753,12.1596376110566
"Gnat2",6.77158662226646,6.67431911794907,6.91022325381863,6.98702447554576,5.90832636907857,6.54884173796526,5.92576726219276,6.63921666924982,9.77433960505562,9.80502313637531,9.95465025666967,9.88777238142736,7.07878651887256,6.88161629017196,6.9132152007728,7.06019642931343,11.0498588724246,11.3165995684276,10.8976760992419,11.4216893192125,8.14076106238962,8.20883753161606,8.23768450415397,8.35151488042399
"Gnb1",5.74840326758975,6.00740037834552,5.85013870404064,6.08372724191604,5.55174054026105,5.81750776030634,5.76413832922012,5.68291848466117,5.07321008515767,5.38683610391602,5.3157674612721,5.59887443229975,7.47610862588994,7.40141512464119,7.56630768033769,7.50030109967896,5.2932285371641,5.25729449511399,5.03262282924638,5.1340769284857,8.20907399380549,8.74673958024073,8.5716295493509,8.25281848614981
"Gnb2",10.637309523098,10.6255404657991,10.7238671411147,10.7147452860305,10.5455826928102,10.8630160698781,10.6900504762591,10.6495743373582,10.6312780097656,10.7166132545373,10.7195298267007,10.7100858258281,10.2163291347467,10.2477223479751,10.1855157453246,10.5868461411186,10.1826151008979,10.1530510218465,10.1467522708726,10.3608140812822,9.07947743613543,9.13714646213583,8.89735112416459,9.09495505528333
"Gnb3",8.97456813592125,9.01910450848281,9.62368194356193,9.44712359360474,8.37736220923866,8.72976926239379,8.79423849658027,8.95169692531145,11.5449938904958,11.7573943893924,11.839765267014,11.9722561484072,10.0268612852334,10.2817522230989,10.3953947011576,10.537914913674,11.8721249581059,12.1206293389695,12.2953763417285,12.3939037361113,9.49188322048053,9.70011997218953,9.80836755015621,9.96741727670376
"Gngt2",7.66140846450683,7.41176184205259,7.61463874823012,7.71159629318056,7.29195077568769,7.39146958351845,7.33882814571133,7.53629064716778,9.48888780431062,9.408386703697,9.43152257606989,9.47314555365588,6.86503992093837,6.52035677077609,6.64053538068874,6.84741226740613,9.74022416609745,9.77756466197672,9.70710672039347,9.86273596193111,6.68990247743548,6.71191186285817,6.57509343922042,6.79815157049291
"Pdpn",6.4422875732032,6.56473680240171,6.48724105963118,6.46024744109061,6.04266028239395,6.26663710289078,6.12832030026291,6.05872272094985,6.07909239710721,6.26763856156318,6.05848270369232,5.97267670294749,5.79535223933263,5.67088454484508,5.75707057488355,5.92381885084632,6.80432720306268,6.57827390450952,6.60128021253155,7.08306478290544,5.68959838741546,5.59692509341335,5.31760161041887,5.81033856657081
"Guca1a",6.0519939472373,6.03681346282274,6.58406407428421,6.5245982349208,6.05174985776368,6.95099588719662,6.03975951436492,7.24096425615773,10.4204497503482,10.7448433490022,10.8306757101415,10.5827240036156,7.79613445995765,8.08224697571217,8.28411177247504,8.34291970039476,12.0835466344267,12.1969100370835,12.3743289998716,12.4767035726588,11.4019872872674,11.7486101978926,11.9362908467965,11.8903545787923
"Hcls1",4.8912708700424,5.21134814207248,5.21572632587359,5.18163783936431,5.13273914563358,5.18296855172481,5.16376767307873,5.19768439424849,5.32394821242123,5.41312211693282,5.46532688861746,5.5648973303977,5.65913596575738,5.84911809322953,5.89911737977202,5.67755079043564,6.07436323545443,5.87079279554156,6.18441252801855,6.06767055066418,7.08657412083148,6.94520182381926,7.1269903919711,7.13480097321544
"Hsph1",8.44029942866982,8.32904057551585,8.24041529599166,8.32145564228143,8.07746848139779,8.12083614339229,7.99018724819406,8.18144302646317,8.09431345729618,8.0318546875503,8.03436318044513,8.00222664206029,8.0372619192669,7.82249350125975,7.81942815181942,8.10454827686251,9.28187509246691,8.95073387222681,8.56734231916996,8.90189802704678,7.67417721353403,7.6747879035213,7.53839477903985,7.80196409846067
"Hspa1b",4.85631760053841,4.75573178418631,4.83217750994136,4.74484430602258,4.98800024922673,4.79460176127636,4.79260173178484,4.89192876980572,5.99041850132581,5.90968039180709,5.70774178677985,5.79886658256233,6.09825892088749,6.29011558774999,6.1834859409197,6.08129816811856,6.53771071999422,6.28287296731567,5.97222671098963,6.30632385919804,7.90884398560528,7.98790058201838,8.01553860508645,8.06279344562857
"Inhbb",4.05563563440336,4.39126600205058,4.63522990724613,4.56214380175871,3.98240718877843,4.02709317721264,3.94175431115161,4.16062508138661,5.27102604635195,5.34065129745644,5.15615274874371,5.36465495478469,3.54763471229549,3.67972536626172,3.63893032800248,3.79564018535406,3.42206697817615,3.42451469181073,3.35883951586595,3.35182787477601,3.31152065786402,3.54129847982264,3.34016890222881,3.46039497538781
"Kcnb1",6.17859264829181,6.11770157501442,6.199502437343,6.12817611853377,6.10500321119378,6.51503017364057,6.02761581605423,6.0080522652204,6.94382277508506,7.16060107730588,6.83724254769288,6.86092529988942,8.44040162661299,7.96396332549805,8.09572064087094,7.83390537721832,7.89233612410911,8.13955613006682,8.11661996723092,8.12878494139366,9.50838867022244,9.70153580431756,9.36874083597555,8.9223681624513
"Kpna2",7.24900087233476,7.21264398864629,6.76948580704333,7.36193477440623,6.56899593916834,6.88962999116589,6.65708050149873,6.95630551347583,6.39145517080857,6.30909492773199,5.96626197964903,6.18812130029255,6.59417585799095,6.6981242358756,6.7674743472761,6.6222803854906,6.3987824236213,6.16627888622599,6.07959206066123,6.39034269352667,7.05787080919405,7.22483906997746,7.49396570575203,7.38156988581052
"Gzmm",4.53699973844307,4.90441029363087,5.16093532376779,4.82676319237826,4.70078447998644,5.23196243891109,4.63462419925461,5.20606731260053,7.6409778034902,7.23775114456382,7.4856257704094,7.49316079554713,5.49648551516804,5.73612489356192,5.62162370219204,5.95181710814854,9.82330914458525,9.7011298232067,10.0100496250478,10.0894745139106,7.34707613993376,7.52620716510658,7.68822239892009,7.93724556397425
"Usp33",6.63405975611969,6.73682020957981,6.48084426682691,6.90224204448762,6.33279884222435,6.71502211902888,6.19977252017861,6.64617885151476,7.16888357155611,7.44727740930594,7.06287420225961,7.32367169512795,7.60461910699964,7.6176123719029,7.79253351238536,7.66826919053066,7.43603888527395,7.44837884618744,6.99659607340021,7.67972713865022,7.9795944937422,8.44099503840084,8.50193651045894,8.37133269385307
"Mef2c",3.92159924989843,4.38942731086524,4.32621804744436,4.40704483715837,4.23852173486104,4.43321538765214,4.41992212109618,4.31646708398314,4.64961136672908,4.63355588039225,4.62987739007462,4.54034936908683,4.44459343773501,4.74312185794718,4.83869498862944,4.68697922230692,4.88776305190279,4.89420792412407,4.8889779319271,4.90315088162382,7.17235121379557,7.15922263350321,7.19122331354081,6.78551225342755
"Mest",6.51783631896179,6.49115861990279,6.27424884177007,6.85718489086364,5.87807760069986,6.10770773562256,5.98743777659764,6.21549285544322,6.18594304008975,6.50974485783486,5.98975216970993,6.29671869355874,6.21377082790018,6.07359339577299,6.04235614059613,6.25477079623271,4.01549509472854,4.12022443200317,3.77162375423406,4.30791031277999,5.02669356988052,5.19526285418221,5.42216086574648,5.53773582042753
"Mpdz",6.2306474605283,6.44725595651203,6.1404453332769,6.59906864289859,6.25948317685466,6.28665296355715,6.16290175417726,6.34429585829987,5.98546299363199,5.98693599519449,5.72862675481712,6.05423072462487,6.65437287425409,6.45405284225884,6.5541905978119,6.58149021271594,5.83355619775707,5.50806673205384,5.56200688691813,5.82236090743196,6.99808481780943,7.02851107683195,7.1381882595789,7.35426308427647
"Mt1",6.50452910880173,6.59744472639406,6.87127107085884,6.58593128729892,7.17101546378928,7.08638323656653,7.25119387386484,7.19857975815467,7.50142573334161,7.27291429739018,7.4377595905064,7.39524597351287,7.61103511144745,7.33549627945642,7.52124142039934,7.45439734159397,9.6566319100942,9.31184855911804,9.4670652280089,9.96257455075611,9.19841121034136,9.03902525715818,9.0476668848144,9.18377697287789
"Map6",6.45726126334492,6.65531505370627,6.85550070494453,6.4999842834734,6.54781494264607,6.83447102777251,6.78485581028429,6.78881335704025,7.6763831488837,7.56667765835672,7.70941072696433,7.68850179878198,6.89621897637428,7.15850885755997,6.97051781802789,7.15489795516286,8.94963063816137,8.71285462851812,8.73870065132458,8.82817097808488,7.09685101692576,7.24230922809865,7.15317880374875,7.34092744339401
"Mtm1",6.95036124377184,6.5815958227851,6.59394770661675,6.72141583110872,6.6882549143914,6.74157460721144,6.51734278748816,6.82317687683604,6.07104721963074,6.21378069992629,6.00344981820615,5.96284742707208,6.93559692184061,6.4738679101132,6.74442416898844,6.85396873449441,6.54032592754314,6.06821031913167,6.29959856734407,6.58059104313586,7.5413581920522,7.46980573325461,7.44095566257302,7.85475454114007
"Myo7a",7.27254828716444,7.41532780416812,7.35331282522968,7.37222954170463,7.37106263793665,7.34856713491583,7.44018565108587,7.5015701488809,7.54292033174844,7.58757936107824,7.28030467210678,7.67119765974525,8.34079785075371,8.32870545629233,8.5006572331572,8.33770053901941,7.8640374008048,8.00126435136807,8.16323586933963,8.13972606168986,7.59176694705171,7.69385368270844,7.80552869211228,7.76623963324493
"Ndrg1",9.73175395265884,9.59525691993578,9.551506218357,9.73023025247252,9.73937536299637,9.78357675004864,9.75748759793446,9.77056553723595,9.87353436493975,9.97408291942169,9.67164720192922,9.91451339529699,10.8016328857906,10.660999181167,10.6927445726038,10.7448010102915,8.24231615468613,7.8114644145837,7.81180190683196,8.17775952765584,9.48834471523874,9.26572175341382,9.26547345605348,9.57663994634008
"Nfkb1",7.89855904853034,7.76570527372602,7.71106871955664,7.72946456371219,7.5835986841308,7.67994882994308,7.74511807348126,7.79681879725767,8.30253711963069,8.0955642684547,8.20067964613825,8.15311218135276,7.2299110561501,7.31853843053072,7.33402484036992,7.39446301139406,9.07027864269544,8.85920062980331,8.94137278750693,9.07618160065953,7.39628515144667,7.28359589119233,7.39610378123791,7.36734766776702
"Nrl",5.40224817337746,5.5413056706988,5.72665945765959,5.68273145695195,5.8623347339462,5.82239700515902,5.82442903476747,5.82437939445017,5.37779762340358,5.72426135293317,5.47495064817581,5.60288963731264,6.95116051574879,6.87158154605646,7.01430589682069,7.21740765949483,5.67035496811842,5.64036051836822,5.8950916865218,5.50128224925078,7.01558684532653,6.96046065247032,6.95067339901822,7.46744155291228
"Osmr",3.65225876480794,3.49434740835224,3.58489120238789,3.29633630296277,3.82117403494342,3.603866867186,3.70394888919265,3.60389011400037,4.11917171984915,3.85667045306079,3.74193380488831,3.92513927732751,3.81314610967444,4.12544232521255,3.95865518956116,3.91236121796287,5.56882831757801,5.15503145121871,4.90175232042331,5.62657046905678,4.19602256977285,4.23445231951475,4.04174909939951,4.47259171495893
"Pde6b",4.07218166301732,3.81425744080297,4.25519360740854,4.14751992364253,5.39387686188907,5.44352574490148,5.61648943951052,5.41684572300703,5.23511226193573,4.5254794475295,4.54881997829505,4.61109013871295,10.2259018757499,10.2019999747617,10.0222888923861,10.1666817455536,6.30669272503895,5.82433915965743,5.82710870063407,6.20190755080582,10.6813690530679,10.88228354595,10.8443444370524,10.8141397976136
"Pkia",5.55060645276665,5.71913930271262,5.24311923431392,5.43247391368432,5.45880651900985,5.4229850988929,5.00936954508239,5.4188071535062,6.01661966447783,5.6272253216124,5.45788334426236,5.74319864158089,5.92314578009784,5.40695250473572,5.23402087694736,5.52270037313134,6.04451788147984,5.51624294382142,5.12020087627602,6.03054573758854,4.53168608423936,4.52700818374891,4.47176968882858,4.70503746219721
"Pla2r1",3.33526689132231,3.38089506963381,3.60621199657668,3.33765725414498,3.45960680672578,3.62188005639874,3.34121399624187,3.43405330991597,3.87287082312106,4.10638708299775,4.30452015630358,4.10794431818694,6.05095714744945,5.68513775308935,5.87818059364887,5.85785827302363,5.57930314891862,5.46055015331097,5.38275123871458,5.66270042250174,6.90901690161223,7.0435086430533,6.94094795450978,7.28327956812616
"Pnp",8.54039023842472,8.19638930358943,8.37751315550873,8.40270020781665,7.73002277292654,7.84661016605828,7.70560484629386,7.98036094656636,9.50319232998354,9.08625053190584,9.23923984413005,9.08643369421023,7.68667887973664,7.58014162295773,7.57656839797861,7.72314237566376,9.74605280720226,9.41778786406819,9.47551218016811,9.71512836105424,7.5556435613705,7.3741779684988,7.30302141459093,7.72990997347762
"Ppp3cc",5.8755888228252,5.92764543661102,5.91480871358466,5.90659340232505,5.94003698025352,5.94778504319901,5.72885692750743,5.96680638891266,7.32154694389676,7.13363312156003,7.18880055296864,7.22609074387027,7.29494589089402,7.30078770281929,7.38120537455824,7.43403894267314,6.38023530690764,6.30785628334916,6.2869187193159,6.60742645007104,7.43113793092569,7.81282640390298,7.74305352337617,8.02573887841297
"Prkab1",7.77091392233516,7.51572536903512,7.76248855821425,7.82479174741678,7.87776757672456,8.0074297270243,7.91019625547451,7.8783359180504,8.46496505713031,8.46427549154408,8.45912992397213,8.59586309505491,9.12132103186328,9.13364914610166,9.03017522864876,9.24779803888825,7.65873396692138,7.49798046597314,7.86029815451699,7.99524822068847,8.83846895530206,8.92106231277538,8.67362129771373,8.96812173959924
"Ptpn13",6.33929157710414,6.10002583179974,6.00824994716497,6.21294089200877,5.76601513176389,5.95665947340968,5.81072104722602,5.97418325726945,6.04485471629244,6.04236463101962,6.04594703740139,5.95757022402571,5.12747636096553,5.46574768062387,5.35121316472512,5.3709671408069,6.64055909499995,6.49106363275126,6.38762738077855,6.76678087359606,5.20586878500982,5.29677873972997,5.32147529053536,5.28088516028654
"Dusp1",7.08718352379157,7.3413562610499,7.06552215270301,7.1390106852737,6.95011977677947,7.05341727828204,6.83545019865188,6.91691180795948,6.12739593610769,6.11945517223356,5.96151673559188,6.03298854989574,6.15625954305093,5.8730913892597,5.8260874196891,5.992698784069,6.31940171957933,6.31227665596711,6.44686607821855,6.69337863308993,6.8558870724808,7.58464679183689,7.51374417086946,7.17808689779728
"Pygm",4.0415676162553,4.94031787565545,5.09715385160049,5.05684901519645,5.03299589855486,4.99327431386217,5.17440335459801,5.37775209889605,6.574047450755,6.81926567027491,6.89988729004156,6.57725473758195,6.373834987045,6.31183785179803,6.35358029885136,6.37009012511613,9.47665458486638,9.44812496924569,9.18859611393436,9.63772511190445,7.03349882111253,7.36935601562669,7.12272717254332,7.38487060740729
"Hspa1a",5.558061034677,5.8433004631538,6.03956072499555,5.77407214575828,5.92417487683771,5.98111839457102,5.67808229191501,5.90074006247629,6.93639700439662,6.91609193043257,7.01301943929455,6.82913952351082,7.32426775949486,7.05068965682707,7.20330607923626,7.13265129769094,7.71974034174756,7.48045740224888,7.36827046788654,7.6639671164694,8.86870044092942,8.96804925634345,8.93046945405231,9.05885572067411
"Rcvrn",5.94855824831699,5.85486938741227,6.2112199016838,6.17554688449443,5.61422278335374,5.97501506165893,5.98363523770785,5.8441398731406,8.62933219197126,9.04845983004747,8.81786260289898,8.82896682392736,10.0842305589319,10.2751843387712,10.1449850612955,9.87773280670016,9.13296349804666,9.46250430291241,9.08538465404846,9.30019644543437,10.0968718779987,10.4738349281299,10.3302470035684,10.4532385995214
"Rom1",4.61247034351873,4.51381524584806,5.05710734375579,5.00172837752693,6.01916584990407,6.1256613068657,6.02238816015064,6.19033562154017,7.38885284778963,7.1543098738585,7.12714883747857,7.34154782386728,9.65833008774986,9.66838244542517,9.69472211462134,9.73667759687565,8.757884899624,8.58023178529409,8.43512959788341,8.86629076109159,10.2130323981518,10.3036948107325,10.5898982398725,10.3907242262337
"Pdc",6.36267176646846,5.89106808761914,6.55564813778315,6.44528976688446,8.40715802487713,8.69006995198783,8.49195763375205,8.62113253514828,9.3940092927873,9.26028396861443,9.37083888177234,9.19359213956878,11.2608793169644,11.303280560034,11.1919405517407,11.3450809660458,10.626236943686,10.5603697686747,10.5455591728654,10.8722999015873,11.6420906706261,11.6013996939143,11.5569092248367,11.5036196706176
"Rs1",5.55864951750041,5.922582861226,5.68426881568062,5.70214099357293,5.65791687521831,5.73360991275327,5.35214181966145,5.66003648832074,6.72296217924874,6.70492109943721,6.64242566170249,6.52833874113383,8.91479618866853,7.84631652829044,7.79961492831741,7.8790309503858,8.11707696232547,7.92236772294382,7.84393414425199,8.03791412175528,9.25548053318129,8.61966225144892,8.35009724789878,8.36203584713298
"Rxrg",6.38689115410041,6.45449583224782,6.36341731006295,6.43535221978833,6.29819011916848,6.39820979571026,6.48786777113847,6.51700588096688,7.42360577439635,7.40813587635319,7.42065468573395,7.42026465763607,6.02624394989711,6.07611188425816,6.01333905836524,6.09433788996892,7.63289023053661,7.39457624650315,7.63971838756542,7.6770401175451,5.96499810065529,5.92094473987221,6.00122378707955,5.93829227417793
"S100a6",5.75472752182313,5.18263098286155,5.63199244847181,5.47174078206832,5.18467293116253,5.29377071568374,5.19699877403422,5.53882361600768,5.59423902668888,5.44564712232025,5.4247166250942,5.48774821845268,5.28192800136313,5.25279093231428,5.45492039582201,5.39734528439912,7.42013730066414,6.84744548487107,6.87503787277044,6.99742336607192,5.77842107937078,5.84334376877012,5.9006938103585,6.04309505204209
"Sag",5.53311845746687,4.67986791382427,5.64745522264457,5.64150568739296,7.25727356915665,8.12680682077391,7.98368348119918,8.12812404870089,9.89732863158924,10.0889808565,9.90281177834401,9.8519815443204,11.8050938507664,12.0169966126109,12.1344797238151,11.9473560682466,11.9598924068644,12.115253074524,11.9712697692723,12.3980188495694,12.1260902357031,12.4064463916989,12.5447724694634,12.4081627673988
"Scg3",6.27167071146681,6.04890404994974,5.96087636034332,6.25794070539406,5.90122879501628,6.18035764946569,5.74499126631195,5.91020630607862,7.44184753573961,7.45842584303042,7.26624651437767,7.30543929118707,6.43847301828383,6.19572494674466,6.2557234583656,6.68224845580864,7.79238845363553,7.51577072149879,7.54054488262287,7.96601766182315,6.26606712541234,6.40946087940945,6.31539292557806,6.45078092040164
"Ccl9",4.66103967397595,4.43203494473668,4.42652687409264,4.3637371535728,4.60297292375629,4.32943583986957,4.46346943036894,4.97016286989897,5.01025960879082,4.55745568377502,4.92116475971797,4.82143748221953,4.90408886048954,5.0777226995689,4.85632566656991,4.85403886320802,6.3612757084556,6.17276874987786,6.34907670671273,6.64580819195138,4.99923465156717,5.44610492881664,5.26534839949413,5.33840346447352
"Sgk1",3.80476466905828,3.9976616565665,3.88063588617012,3.88455303680971,3.91370672476218,3.97135200467322,3.94832497946631,4.17198636988745,4.3913165556026,4.39897805677432,4.31205592349789,4.46411389312942,4.60761667529219,4.33750007490038,4.50451600103499,4.28214793791341,7.42825291687688,7.41585530412638,7.05394505563512,7.71019320275562,8.66748475488419,8.93430883665708,8.99106509571546,8.7563196416726
"St3gal3",5.6643837186601,5.74333519070554,6.0186092779974,5.69928808217441,5.97675024034256,5.82037136108935,5.87055168837523,5.35878169780285,6.98356497452029,6.15279278007294,7.00181871050222,6.20581965926865,5.93879677911606,5.62281755909967,5.94427653490857,5.45812801957293,7.2398919500366,6.55973663028715,7.03714508547694,6.46507790043451,5.81840394631381,5.82452406597557,5.91081125613768,5.56862466851825
"Clpb",6.0972542344167,6.12831687045327,6.32639659879014,6.29865090073461,6.09370620278567,6.21127061863683,6.24509743984156,6.1557906185598,7.32360185990179,7.28318593817147,7.29513998138849,7.26538393788483,6.14841142379916,5.91822963157408,6.02648735049706,6.20744144369138,7.44607770204381,7.2082460624322,7.27041159264749,7.56829469375281,6.09086551894518,6.26625992809453,6.08935143815747,6.25159871650585
"Snta1",6.85972998216529,6.95776563286406,6.95208227043235,6.75600235568489,7.14449898556262,6.82260356918529,7.01265037129226,6.96476670195891,7.38381843739841,7.21851512074299,7.31405899705514,7.26785961354532,8.96504133661941,8.64462453920875,8.78815960754153,8.68008941464779,7.38413229463533,7.27383504112805,7.3919794665571,7.2476266508528,8.78576490786738,8.59739174337422,8.44787160571641,8.53897508330214
"Sall3",6.81386276430931,6.76897111483705,6.92965034175437,6.77239849436745,6.50486786349073,6.44703530765534,6.47984081131838,6.5897768317826,8.07639545568752,8.13724965982223,8.41211890338516,7.98706922377967,6.14805735846888,6.37546289015518,6.42726347047238,6.37486590618093,7.8175817021025,7.86023805959897,7.74151448146321,7.8005446151856,6.21981415382874,6.383032867113,6.54873655740936,6.27431932124392
"Spint1",4.98685075882019,4.90310052471586,4.99580263193797,5.04033966660984,4.84109798412745,4.58602515162598,4.83059753133534,4.91953327381819,6.13906812200388,6.31867286432168,6.13274980311135,6.08810385562517,4.63083581004268,4.91682789352328,4.90813435343795,4.92948096905832,5.59096365581678,5.38658311636131,5.29543530915123,5.49408050390151,4.86616238879214,4.73098043339021,4.86335977480817,5.04494339296168
"Stat1",4.07760031020016,3.93381857373791,3.80983304038515,3.84195050752754,3.64534246577228,3.79716942505998,3.71446588969432,3.72892330044489,4.39952159335691,4.39327664547272,4.28090094094835,4.30020929205428,4.1888821192794,4.26127830879675,4.2262853347067,4.30039947952623,5.97141000467109,6.07048449562994,5.28043303783605,5.83373356727125,4.36366180632441,4.72022376544552,4.71283681349494,4.85739052891058
"Adcy2",8.50332145160717,8.34217420340821,8.42342660356665,8.42858729729676,8.11131638492959,7.97910357025704,7.74717469330884,7.95215683441173,9.45094457736712,9.3610112279426,9.39231135764923,9.39610906102048,8.54936585385436,8.37721572003516,8.31269958798863,8.43428003970845,9.45887183636006,9.07338701593895,9.49431516251329,9.42829962215029,8.51146616144437,8.28469591636884,8.25803545713601,8.38756618320681
"Wwc1",7.06151237521149,6.79689381725444,7.32338517104522,6.90693874206591,6.84462098779883,6.9836936721751,6.71617456863056,6.85571813749211,8.98892407165381,8.63326244466449,9.11095940185058,8.79811662030336,6.42986187412041,6.08115214740096,6.4769854562467,6.44822097538297,8.89144316233915,8.43694968426012,8.83991485248914,8.86421020571136,6.40520866441092,6.23851429766137,5.81401699756753,6.0205206943162
"Rho",5.8612548333605,5.96437032564103,6.09980373150467,5.97342024562604,6.33958675203488,6.18945467479995,6.54894058345852,6.06639580389364,6.24692202368646,6.11050946135216,6.0780345613258,6.12718715433093,11.2146005522385,10.7627734870299,10.8406020672882,10.708487137566,6.66721854334091,6.20529958156056,6.29637364521549,6.06769112267816,11.6443506537638,11.913072999818,11.8693556159414,11.7476012498722
"Xist",8.29287521174405,7.5708323239853,7.29318072278758,7.52135129098027,3.05077691609522,3.3306562809859,6.94275478563094,6.53989324409843,8.13770956236442,7.46231319451949,7.37838026611537,7.71536629566777,6.5131865632168,6.36576263269283,6.90065568308591,6.141798886194,3.06217779698026,3.24540830996022,7.66046204406022,7.44264759530071,6.69791830508095,3.36877759336785,3.19198554641034,5.48907385459165
"Tnfaip3",4.53898093698941,4.81513656252334,4.71556286306244,4.65677529546201,4.85152090319693,4.84428030131744,4.40698032007569,4.46733369232288,4.95531840585123,4.94564252510879,4.93627360097636,4.89292161189608,6.60898673030183,5.88073153275989,6.01714002221345,5.9274840936704,6.44901206013608,5.95085673820565,5.88031157394883,6.27476293802358,8.75366448164662,8.28935093666299,7.9335768407078,8.32361229938526
"Tnfsf9",6.34925897916778,6.43461864468538,6.54221577460582,6.4211891136691,6.34203265299067,6.4755744401441,6.27840341454006,6.39821418024787,7.65236431317522,7.17119293709713,7.55295646458021,7.40510935842203,5.8009317892518,5.94213090186398,6.01078177357966,6.08552567824492,5.90497182852768,5.97139790509688,5.99384762153062,5.9379179979,5.93729333312472,5.96316885930144,5.90817444768359,5.8684261490044
"Tph1",3.88397435204699,4.0132230952474,4.25687329881183,4.06920431694499,4.099227672574,4.12448465736054,3.86470973387617,3.94337893334964,5.29132621968405,5.08197998078062,5.27199490488632,5.04942182091683,4.40138953861828,4.5406819283541,4.6177683283513,4.50219365283519,5.62539207861491,5.41213478478777,5.20491794177736,5.32783104662358,4.20859241068697,4.13372674428393,4.12860658498532,4.11346022305573
"Trpc1",5.09905819448135,4.77316408703197,4.81386958944988,4.67974205031502,5.13896955046444,4.78916180564809,4.71365629837507,4.73202859809932,5.57071007505275,5.04135987149234,5.23588765132637,5.13491646750801,5.68422330141546,5.35191427045065,5.311169280266,5.4406081079995,6.36672090165519,5.95042365122761,6.19769962417632,6.55565692976781,7.613480288852,7.6085959306728,7.52881095086227,7.77589895298756
"Ccn4",4.65642798695957,4.22610224827539,4.24637900905689,4.11312589524611,4.2287633427511,4.16225153457686,4.33947408065962,4.51369941500607,4.58866077985704,4.60559859793644,4.39136121713998,4.6590603370829,4.62643290563737,5.02148526515758,5.16670345268732,4.82144405952994,4.56287618908714,4.20744049489836,4.37433322113944,4.49673668508078,6.45008952944051,6.22995048561369,6.08409595465919,6.63199397351579
"Zdhhc14",6.67853111034856,6.51754208410481,6.81804776653288,6.73519144734918,6.63451346407775,6.80202670883006,6.58724204168199,6.79748539401995,7.2309654343943,6.87517309793433,7.16737728211702,6.98070800080897,6.28505466348011,6.03675889969741,6.18170182299552,6.34778253347281,7.43180706312101,6.98410572260018,7.26217411772002,7.58615098858271,6.28933870754734,6.23772830909911,6.03051820324126,6.55401909740132
"Pde6a",5.25726559501676,6.12967633477113,5.69599592265222,6.18599177494939,5.87216115296186,5.6642318990498,6.1406069619633,5.89624783252865,5.79537984107699,6.34421187196636,5.98999422264102,6.27179496985332,7.35758388688101,7.24657179055395,7.50455211355284,6.80856128556744,6.88211987877202,6.75637417981362,6.69947947589765,6.82678737279568,8.54060800388942,8.17251877297706,8.40449153095582,8.35137068529898
"Otud7b",6.5094418634394,6.58964398561624,6.58567338861705,6.60421143992187,6.64239674769431,6.60533988207839,6.71600446173693,6.68279683244091,7.78278903627634,7.55044938104127,7.7564891572207,7.69040023761054,8.31555449451934,8.29844722741303,8.27246108953418,8.40914280217529,8.40587129253599,8.26470966667242,8.31622742432576,8.56722743114338,7.98589503677202,7.91294735274234,7.8081868357435,8.17191549988361
"Ece1",8.17226364959499,7.99520385357947,8.47624054417352,8.09037922768604,8.40507723486625,8.44456758216296,8.36046771462921,8.46969743509783,9.47927433731009,8.9375897143497,9.39145115025151,9.03876856231909,7.74519292138612,7.52713523824613,7.66786777630479,7.93106376649325,9.32685255013239,9.01774684995826,8.84939927256983,9.28288023043117,7.89173933986181,7.7963565303382,7.81943614499414,8.01898295485351
"Clca1",4.0373222731868,4.0695496003928,4.45533534581182,3.89696311914906,4.56801716441568,3.88145189290672,4.04649722805365,4.81187293236984,6.29978484078128,6.23351945346903,6.28178430543232,6.58656261573768,4.41200165792423,4.52388996981658,4.73185746503513,4.4075856677005,8.67089086791571,8.87482260930355,8.58430263169495,9.00290099813091,4.64277927618343,4.50660195284816,4.88177607998692,4.72670307749799
"Nt5e",5.61978265422062,5.57020102993318,5.57622953094495,5.56033721639789,5.53980057249791,5.15388188907262,5.18475361635975,5.61125905670372,6.9539310972207,6.47669622040285,6.58258165806116,6.41560583139373,8.10032307174889,7.54678048533652,7.37679047031735,7.70652911477303,6.58281768651752,5.81006234090584,6.12919313806459,6.41026011376455,7.98215094378872,7.67351302869261,7.43690962778937,7.78931957490861
"Ppp2r5c",8.38436061631051,8.35457223758665,8.3029648179766,8.32492207548681,8.35101419198982,8.49246090465277,8.44117498474578,8.55151415078818,8.66676643774903,8.61262323852915,8.53689178993337,8.71624041161881,9.29115432444976,9.12693958176842,9.1798429933812,9.12849652629488,8.33985859033683,8.108630170518,8.03239618713531,8.44023711218352,9.25956153172902,9.3839119061864,9.22479796909061,9.42349230640023
"Fkbp9",5.21212471861295,5.21793183908464,5.03428695958293,5.22232366887375,5.45038537366003,5.32811750729502,5.32216964926233,5.75009638661886,6.22252418803595,5.68156356485904,5.97148309043443,5.69718823242984,5.08840869357169,5.28004391624808,5.31374431011537,5.30738573310671,7.42864260077665,6.62540081251508,7.49916282359234,7.61554645460688,4.76322692441436,4.79765763637509,5.07294524659927,5.21183166034245
"Pla2g7",4.93315760813503,4.82563167125303,4.88385074884662,4.60633164631711,4.69699162077038,4.85831676147236,5.19643988654392,4.78761546748331,5.4361316066223,5.4371004819935,5.70440283284294,5.51793926070953,6.92977236951615,6.94149947490857,6.95886667559225,6.92408615454629,6.43572967202062,6.14823769906206,6.20841017421085,6.54939263139677,7.18028349327928,7.36321079016871,7.17466579545983,7.20763212422901
"Eif3b",9.27265615655272,9.18822326595041,9.34829029535415,9.11999206092809,9.33256598506857,9.39452436362767,9.2752567419492,9.35997510808959,9.41585680102711,9.22723396122358,9.46316930269587,9.29415068802786,8.85712679437551,8.85803036036809,8.71062875898864,8.97371427237823,9.80867133025068,9.57563465941579,9.82263347693486,9.81681557654134,8.63172202061521,8.59845761822066,8.49774236696948,8.61423546113367
"Fam3c",6.72083281837551,6.76432774574799,6.71036397004628,7.1015664000807,6.85421312487179,6.9491157202084,6.61128616380792,6.83044690608394,7.79996074058575,7.58940076078242,7.60679857130787,7.63638628633604,8.38715469288995,8.05461210229714,8.01148540547847,8.33318472022402,8.21186567293002,7.75621756949251,7.83798256478301,8.34693693732575,9.69669781126099,9.80743684503935,9.82008339008386,9.90381069631817
"Agpat3",7.4466786021974,7.54612341257372,7.69851470451329,7.59852317018047,7.62921792987214,7.75520273148032,7.74185372438723,7.62277149744769,8.07341484491764,8.22293754238423,8.18653476066471,8.14070579338338,8.32160044059723,8.26352552413508,8.27876375795275,8.28770504300968,8.10950133132707,8.0608620827215,7.87481292711241,8.14115178199693,9.2058992678203,9.40440631567374,9.14582158126737,9.18916781779698
"Clic4",8.24157346591433,8.92151989622075,8.23496432786829,8.77149573239862,8.12152085670334,8.66014862845179,7.9682340718683,8.18136771321489,6.64272033389681,7.65277025275788,6.8322165939622,6.99089015785745,6.39200597054235,6.25692945208339,6.0095562284479,6.50754645565783,7.11125960314877,7.58862345177794,6.34175272368581,7.12575898404389,5.35916900143336,6.08738902431312,5.73842795645388,5.7884281670184
"H2bc21",5.19649736060615,5.84102448221191,5.78136771022452,5.72450865967994,6.11748382469723,6.21844860636732,5.89593920272395,5.60961100657891,7.22211830175821,6.51593476670234,6.65981839061097,6.95995555044557,5.99510426847076,5.7174733079158,5.70425464635057,5.87780280846829,6.52016429546455,6.47818610713848,6.18782368196382,6.22858981535637,6.07201246734941,5.72928381100367,5.72625342924627,5.76743287686821
"Nrcam",7.29127516227418,7.48882216480342,7.22991395686048,7.3645846618788,7.20269647511586,7.31723872385987,6.85702703227295,7.1228038139757,7.96145039884976,8.10749507404761,7.82462783930054,7.85604115087014,7.33539451984654,7.22067719380987,7.13850186171365,7.17248064631784,8.32513719742082,8.33048142871543,8.12571171621987,8.33258019324312,6.91313670365321,7.1113661621325,7.13207522859856,6.86752265156332
"Ifitm10",7.14011371714699,7.35878600809858,7.55278258012093,7.41170328967404,7.33395040894535,7.38405304493204,7.25980128102715,7.40371570842316,8.90932293375485,8.94719968167517,8.97549093888092,8.92246207997812,7.5933201421493,7.75661653170995,7.63806992677206,7.74091025362386,8.13224217989869,8.00703233184913,8.21112806092355,8.08045616982209,7.5262705033439,7.5244852085815,7.54623915227377,7.40021673997461
"Taok3",5.0023951920834,5.31881672926696,5.46039360088445,5.29262428448617,5.25942843108653,5.29067481990251,5.36260399926759,4.95804813442107,5.76437124878204,5.67877213556469,5.69526411042937,5.62963105102807,6.1866332101067,6.42600449492851,6.40397198122875,6.23899365138664,5.9300628904158,5.88511968900099,5.95830182371314,5.95125883559833,6.95911626926071,6.89377229157645,6.81109556282901,7.18386130110536
"Polg2",4.6901433286528,5.22905332905361,5.33477226522803,5.16303811129875,5.30561899579269,5.23294142281916,5.0176921326516,5.083190321936,5.53638059613836,5.54230294553608,5.5155534992768,5.60324258396894,6.37248877325677,6.54752520062782,6.30481883376684,6.283768106368,5.28702808477894,5.11512592067252,5.2898251407678,5.11392867616242,7.09224236096443,7.051677662377,7.10687504733489,7.37600902086719
"DXErtd242e",6.7147569362975,7.39100591669586,7.26396713136445,7.52992528407856,6.9651280623086,7.3616863722944,7.42246381974097,7.24193097071286,7.1674245266645,7.84484976093672,7.57499165743168,7.44837127653061,8.27728137286374,8.54533858490481,8.75349903183737,8.78961932934923,7.21963739497664,8.20283612365832,8.00478954227363,7.92831686670026,7.60476982698421,8.15007989642489,8.44447373641745,8.01525135338442
"Cd164",7.32054815094017,7.50786623990832,6.89194475393187,7.43209327312508,7.0045036606934,7.04840917386006,6.92283060717514,7.15561629085282,6.90176769611564,6.95243952569501,6.47174832182371,6.87813753287786,7.68922876840865,7.61083848251261,7.53086220053675,7.62549829980826,7.0483034126035,6.82648666303704,6.60606109263058,7.08231010093905,7.30811936807816,7.30957750827673,7.31952743510588,7.42616246437923
"Elovl2",5.79558200653242,5.91940708442623,5.61208627338627,6.08496613924619,5.44805184149287,5.48321481459307,5.37748491659582,5.50537046718281,7.56518059917128,8.17394185648969,7.0589844480992,7.97377908190974,5.8306430644112,6.1668390374955,6.2988794439301,6.31110255803484,7.30956785108133,7.4372652395732,6.95849405182287,7.52064348619505,5.26949326363456,5.54108546099485,5.88158555652862,5.72900581217475
"Crxos",4.44069023135286,4.31499114138179,4.45586138819738,4.4029148688604,4.71076566509907,4.86431324310888,4.63292253750668,4.71390039743068,5.50803308936581,5.63858674184197,5.77407790974919,5.45768849625622,5.33201712948191,5.10842206016826,5.2377091196714,5.45984878005208,6.32872640041376,6.1330328588722,6.50190095999389,6.66887948617128,4.9381967739499,4.99445603051937,5.0491664704101,5.34222632993606
"Gsdme",6.17611165325958,6.86931799326164,6.70225103743546,6.83387259493138,6.43133653974305,6.5628589344723,6.47375639947328,6.10835904175748,6.83303060694076,7.50448402427103,7.19128887418282,7.39583780929834,6.38119302787085,6.05695367166815,6.34791069376956,6.19837552713325,7.42997463414528,7.406298584897,7.36079460376945,7.64105455791076,5.97668807270445,6.15518686731497,6.38505172273776,5.92984492768726
"Cadm1",8.4371952371268,8.05533756127176,8.21128741184194,8.18680425079336,8.62503408145426,8.44615990695983,8.24596659277027,8.35116023739945,8.43573113752066,7.89161944181502,8.26639027564864,8.04803874706862,9.5239380828066,8.93238283792202,8.94309570078591,9.39227916165085,8.69082743721981,8.12471767201862,8.47656755939314,8.55371949880646,9.03215288351386,8.75148598896163,8.76070462033565,9.0514985818306
"Olfm1",6.71555452431611,6.61487464895403,6.71231385932395,6.59290266352688,6.68813388011589,6.64946003976325,6.50199573110271,6.48803514274065,7.44128996455958,7.22568190269237,7.37712105142893,7.19446209709523,6.87756439472088,6.69238097291666,6.53004143351807,6.78128605984506,7.84141838770064,7.45447895356167,7.49828266264611,7.72946881309367,6.64607721131837,6.44557914884291,6.26677215234715,6.50497270116684
"Htra1",7.35757252139024,7.00062437587187,7.24902358055029,7.15830815448759,6.99036361502475,7.06354320030026,6.81820856002182,7.10880153884744,9.85563895920266,9.91955444697713,9.95541405842272,9.91198026705035,8.69499262226101,8.69655963968761,8.68660540488472,8.83095609124291,8.75414339608079,8.45378511521371,8.62967032873008,8.89195465638719,8.16610111371906,8.16261821082317,8.23716227776083,8.32977962601203
"Ybx3",8.11108109666301,8.23508536004071,8.08892715487811,8.30300545754403,8.02988253192552,8.06291938618562,8.0050083979723,7.92973968068534,8.68570430820169,8.75677474404102,8.67432182890007,8.72807827877036,9.36964575482237,9.27214790419992,9.30872382182296,9.31349347303574,8.28984749479956,8.27976173097483,8.19323641662147,8.30492179692382,9.36179956987593,9.52923452124452,9.48606093724804,9.44558113436286
"Mbnl1",6.17781088621573,5.67443287771369,5.70190537435374,5.99486233614651,5.73203751232728,5.85380657167915,5.80370264392213,6.00340373830572,6.46942595820452,6.58343909493364,6.22024149677752,6.3119331439055,7.36310062510439,7.47388549762486,7.44924366975944,7.52662635814067,7.13782056727107,6.93295638618854,6.86287802081136,7.20441256221016,7.4161756114377,7.56225372836881,7.71181970090514,7.73033443397883
"Smpdl3a",5.00258835786251,5.25740238890953,5.32462863045885,5.61243748974165,5.15866859184149,5.38445625684308,5.06021554154666,5.34494388287245,5.5349478395685,5.65024244259196,5.43405605541899,5.4242600218351,4.52602224468047,4.53199924411388,4.35498486925696,4.55848876988218,5.30658158396735,5.43728435372768,5.17759284632085,5.49122487976578,4.20919948873,4.1464555280522,4.47341638213005,4.3169291318629
"Sap30",5.76328974736068,5.37257973681178,5.50042305610481,5.65339094704403,5.18311373042537,5.83010903039009,5.52821580097407,5.72937005388064,4.13784544857786,4.13254358430987,4.21797868794159,4.04613795940838,3.87998473710557,4.01276289415126,3.94454011960328,4.11822453313509,3.47153597041027,3.48541692927347,3.87767062024609,3.5453852275126,4.40717639813149,4.71240910433916,4.82908298338456,4.86735761402401
"Higd2a",9.53372182215143,9.39502587216602,9.26896591451187,9.55702935567611,9.3689848939118,9.4920116177885,9.33072932833987,9.50070633218286,10.101384816678,10.0770530557433,10.0471529763102,10.1054452942255,9.30767311899738,9.14864716533139,9.27119940756985,9.48980141148465,10.2485204616091,10.0068123123661,9.97328556433454,10.2163400337576,9.05807538021871,8.96702726659363,9.07982808594512,9.15421808755196
"Ankrd33b",6.41621913711276,6.0194595602947,7.19163596882275,6.70178903410049,7.83475266147597,7.68922759698155,7.6400166669818,7.48870650644239,4.91455031527814,6.02424282806196,6.21917250194301,5.3650798734184,8.55496277571352,8.12586831035626,8.21740690475171,8.04022181812265,6.53617834701781,6.75851461332318,6.5041203845525,6.86738833224015,8.36644016043596,8.10449909659693,8.18419814037638,7.72979621506916
"Elovl5",8.23339714555445,8.04034615008463,7.91485820829252,8.17040136547477,8.14193872329809,8.12243649269018,8.06308781536934,8.13576886854016,7.6479712547031,7.48493126646475,7.43172024766926,7.58395138183117,7.31154948613986,7.1308032898906,7.0995412067368,7.23038747219097,8.00112018032711,7.71562494394081,7.90091699489154,8.21595488076588,6.9064410627299,6.80241353101174,6.94857388549965,7.16972394761619
"Ssu72",7.02370795315984,6.9112353600418,6.9849052904135,7.10998304409433,7.04050019505122,7.09816627524458,6.96721899821662,7.32284808700406,7.42132623423899,7.36011499354095,7.30158707334247,7.27119684498939,8.75061430553474,8.64194813465239,8.73629797748946,8.89257397118789,7.21452342422852,7.03396240970074,7.24502865178684,7.58976510290246,7.88157704309689,7.9423489086092,8.11826515804168,8.41413096573394
"Reep6",6.144334512013,5.81533598528304,6.1154659049423,6.12267557965373,6.15787026831388,6.48724667606971,6.43570356937558,6.13974815469892,6.84714749622776,6.89888870092394,6.83614187148655,6.7422341245139,10.3686124710815,10.1783110102871,10.1089416484124,10.2353784992729,7.67613268495175,7.39176578050815,7.49338722293816,7.68270184830115,11.55885587177,11.6775903734258,11.4680896764628,11.5898071423089
"Cyb5r1",4.77995780229161,4.38974010640544,4.76556680480853,4.51795084531591,4.57906150466494,4.31925889865692,4.25349535134724,4.50510486515094,4.8230176829338,4.52549689946673,4.69521469143642,4.71307595336294,5.03784970496097,5.24827682681822,5.22274709660101,5.63842429108619,5.93100208819263,5.64111843232653,5.60365002871413,6.02994815991552,6.66581908497659,6.87425470447622,6.6194438487135,6.98253787050926
"Rrp1b",6.6387837082153,6.58329504801055,6.72735692745833,6.71947383182445,6.5607355681316,6.5937431963888,6.53269402087121,6.69185165838043,6.64724873678971,6.76110133183209,6.73628395529479,6.68594335000046,7.64127083172259,7.51173309257306,7.40628424658284,7.4358858571187,7.07728198982347,6.94966408338452,7.08014697744731,7.27962317527991,8.02234432432583,8.06302226101406,7.99726087725398,8.24133425968472
"Acbd6",7.5244554463175,7.60549458564696,7.76553124957619,7.69886453856775,7.51801462623383,7.48299026083373,7.54496635038523,7.62760524564678,8.47355481703653,8.22701518624247,8.47186589569984,8.37444472625338,7.57891238561745,7.54868283946575,7.5632706083939,7.56264633821504,9.01394321680978,8.88318772033627,8.9086774651231,8.8629193516981,7.53776071021666,7.43060844919181,7.39116764006761,7.40445903469425
"Adipor1",6.20934616689307,6.55318260039452,6.63561456573218,6.47585636944646,6.69514452516559,6.76100884379363,6.7976053983252,6.82536091178498,6.79841755946356,6.62776543619172,6.65209784661914,6.68922929424193,7.24342239113208,7.25855391434817,7.18235536988522,7.12903970185723,7.41160027418828,7.10120472472837,7.18024472409799,7.45272367126726,8.82853115464774,8.83227688351565,8.64280055923118,8.88009189571825
"Ppp2r2b",7.36972087123253,7.59425159075269,7.73393970479065,7.54862834788146,8.14613577462583,8.14338654820392,8.08860139711117,8.11975163587951,9.16272474667773,8.85351517486312,9.21114833589258,8.91778530597345,10.896158638562,10.6418076410979,10.5124660343053,10.8579593630824,10.3234709372205,10.0723997772566,10.4237506352754,10.3811190152005,10.686969341557,10.574942461505,10.4313041137897,10.763898265116
"Snhg6",7.69723461642543,5.66587619613665,7.5254031882703,5.38458392664374,8.21098326230781,8.32590675618816,8.32701630211374,8.34131379569535,7.47511286737329,7.44580764948732,6.86220451462546,6.91239326840283,8.64199592614328,8.23419843302662,8.1968551816904,8.72885989203071,6.22088835486948,4.8826747324774,4.99667428225459,7.1256126892012,7.95246357387792,8.15051590618105,8.11403151646241,8.40613390146382
"Cltb",7.65903678013453,7.54856402727976,7.60019766776788,7.60332177769294,7.60462312852991,7.54772490417607,7.53497764035507,7.67736444531005,8.4204432857241,8.36503614700996,8.54566638446533,8.43560991918569,7.12337314620875,6.97174728090075,7.03080753076881,7.24801715750491,9.17350720995008,8.82992726199203,8.85713360083514,9.21870407559296,7.116573521527,6.99820279362406,6.89502691979429,7.15578339142578
"Jam3",7.53588098751236,7.3375932303419,7.19421394354992,7.42708257232706,7.36795648917252,7.27418906173795,7.25559648543434,7.47645067876118,7.20795155944463,7.28592192291472,7.25737162936681,7.28359067444213,6.18820528673665,6.14293949011767,6.10948666197469,6.41822477197974,7.82052400654908,7.68902739806959,7.54403183974301,7.84909086781987,6.00778735849407,5.92723815696988,5.99545843695584,5.96095199466059
"Hmgb2",7.20097829768448,7.07606980056439,6.88217415804554,7.03111496968233,6.44047260641686,6.93002321589282,6.82761027222728,6.82375894879337,3.76464448698588,3.66768564072806,3.61643731403365,3.81931345262821,3.51561489796807,3.44474362291238,3.28880397991074,3.59915351830406,3.05126490371209,2.80906149598175,3.39462794701897,3.59052287014997,3.9358292515798,3.93299359495009,3.8940243302353,4.12458242810755
